<?xml version="1.0" encoding="utf-8" ?>
<Defs>

  <WorkGiverDef>
    <defName>HaulToInventory</defName>
    <label>stuff things in inventory and haul</label>
    <giverClass>PickUpAndHaul.WorkGiver_HaulToInventory</giverClass>
    <workType>Hauling</workType>
    <verb>haul</verb>
    <gerund>hauling</gerund>
    <priorityInType>18</priorityInType>
    <requiredCapacities>
      <li>Manipulation</li>
    </requiredCapacities>
  </WorkGiverDef>
  
  <JobDef>
    <defName>HaulToInventory</defName>
    <driverClass>PickUpAndHaul.JobDriver_HaulToInventory</driverClass>
    <reportString>gathering TargetA to hauling inventory.</reportString>
	<casualInterruptible>false</casualInterruptible>
    <suspendable>false</suspendable>
  </JobDef>
  
  <JobDef>
    <defName>UnloadYourHauledInventory</defName>
    <driverClass>PickUpAndHaul.JobDriver_UnloadYourHauledInventory</driverClass>
    <reportString>unloading inventory.</reportString>
	<casualInterruptible>false</casualInterruptible>
    <suspendable>false</suspendable>
  </JobDef>
  

	
</Defs>